{
  "playerInventory": {
    "inventoryArray": [
      {"id": "CLUE_NOTE", "count": 1}
    ]
  },

  "globalFlags": {
    "USED_KEY": false,
    "READ_CLUE_NOTE": false,
    "SAW_BROKEN_GLASS_MSG": false,
    "THOUGHT_ABOUT_SLAB_WRITING": false,
    "KILLED_AT_LEAST_ONE_MONSTER": false    
  },
  
  "entityIDs": {
    "PLAYER": "PLAYER",
    "MONSTER_GENERIC": "MONSTER_GENERIC",
    "ITEM_GENERIC": "ITEM_GENERIC",
    "NPC_GENERIC": "NPC_GENERIC"
  },

  "gameStartLocation": "CAVE_SPAWN_POINT",

  "globalVariables": {
    "globalVariablesArray": [
      {"ENDING_TYPE": null}
    ]
  },

  "globalEnums": [
      {"ENDING_TYPE": [ "NONAGGRESSIVE_WIN", "NONAGGRESSIVE_DEATH", "KILL_BOSS"]}
  ],

  "endingStatMessageMonstersKilled": "You slew {} monsters.",
  "endingStatMessageItemsFound": "You found the following items:",
  "endingStatMessageTalkedWithNPCs": "You talked to the following people:",
  "endingStatMessageEndingsAchieved": "You have reached {} out of 3 endings in this game.",
  
  "endingNPCEmotionTemplate_didNotSeeAllDialogue": "{} was frustrated with you.",
  "endingNPCEmotionTemplate_sawAllDialogue": "{} was happy to speak to you.",
  
  "randomRebuff" : [
    "Sorry, can you repeat that?",
    "I don't think I quite understand what you mean.",
    "Care to repeat that?",
    "What did you say?",
    "I'm not sure what that means.",
    "Pretty certain that's not a feature.",
    "No can do.",
    "Can't do that here, I'm afraid.",
    "If you're stuck, try the help menu (Press ?)"
  ],
  
  "messages_nothingToThinkAbout": [
    "There's nothing to think about.",
    "Think? What is there to think about?",
    "You can't seem to think of anything.",
    "You don't have much to think about at the moment."
  ],
  

  "messages_nothingToLookAt": [
    "There seems to be nothing to see here.",
    "Look at what?",
    "Nothing to see here.",
    "You don't notice anything here.",
    "You see nothing noteworthy. If you'd like to see the narrative text for this location again, please use the command RECALL."
  ],
  
  "messages_noOneToTalkTo": [
    "There's no one to talk to here.",
    "You see no one to talk to."
  ],
  
  "genericHelpMessage" : "Use various text commands to interact with the game world.",
  
  "initialInventoryLoadout": [
    {
      "id" : "CLUE_NOTE",
      "count" : 1
    }    
  ],

  "items": {
    "itemsArray": [
      {
        "id": "CLUE_NOTE",
        "name": "Scrawled Note",
        "desc": "The message is scrawled with an unsteady hand, but it seems to say, (text-colour:0x0495940)[\"Nine o'clock every morning, followed by one every night before bed. DO NOT FORGET\"]",
        "setGlobalFlagOnUse": {
          "flagID": "READ_CLUE_NOTE",
          "valueToSet": true,
          "actionType": "view"
        }
      }, 
      {
        "id": "COPPER_KEY",
        "name": "Copper Key",
        "desc": "This is a modern-looking key made of copper. It's shiny, as if it was recently made. Perhaps it can open a door.",
        "setGlobalFlagOnUse": {
          "flagID": "USED_KEY",
          "valueToSet": true,
          "actionType": "use"
        },
        "locationRequirement": "CAVE_CHAMBER_1"
      }
    ]
  },

  "monsters": {
    "monsterArray": [
      {
        "id": "GENERIC_MONSTER",
        "name": "Horned Beast",
        "desc": "A horned creature wearing glasses. It looks hostile.",
        "exp": 6
      }
    ]
  },

  "npcs": {
    "npcArray": [
      {
        "id": "MOUSTACHE_MAN",
        "name": "Mysterious Moustached Man",
        "desc": "A man with a moustache. You could swear you know him from somewhere.",
        "dialogue": [
          "My turn? Okay. Ends and beginnings. I like the sound of both. Can't seem to decide which is better, though.",
          "Ah, are you a sailor? We know each other from somewhere. I'm certain of it. But then again, in this roiling sea of human lives, who can say for certain that one has not met everyone at some point?",
          "I enjoy staring at the water. Maybe this sea holds secrets we'll never understand. Or maybe it's just a mindless abyss piled with the waste and debris of millenia. Here. Take this.",
          "Who's to say that any of us are sane? Perhaps we are all insane, and just don't know it yet. Maybe none of this is even real. Your throw."
        ],
        "grant_dialogue_gift": {
          "timesRequiredToTalk": 3,
          "item_id": "COPPER_KEY" 
        }
      }
    ]
  },

  "commands": {
    "commandArray": [
      {
        "id": "INVENTORY",
        "textTriggers": [
          "inventory",
          "open inventory",
          "inven",
          "bag",
          "open bag",
          "items"
        ],
        "usage": "Type \"inventory\" to list items in the inventory. Type a letter with the command (e.g., inventory a) to view the element at the specified letter."
      },
      {
        "id": "LOOK",
        "textTriggers": [
          "inspect",
          "look",
          "look around",
          "take closer look",
          "study"
        ],
        "usage": "Simply type \"look\" to view your surroundings. Who knows, maybe you'll find a secret that you didn't notice before?"
      },
      {
        "id": "THINK",
        "textTriggers": [
          "think",
          "consider",
          "ruminate",
          "stop and think",
          "time to think"
        ],
        "usage": "Simply type \"think\" to think about your current situation. Under specific circumstances, you may come to realize new facts."
      },
      {
        "id": "TALK",
        "textTriggers": [
          "talk",
          "speak",
          "converse",
          "say something",
          "hold a conversation"
        ], 
        "usage": "Type \"talk\" to talk to someone who is in the current location. This command will do nothing if there is no one to talk to. Sometimes, talking to someone multiple times can have interesting results."
      },
      {
        "id": "NORTH",
        "textTriggers": [
          "north",
          "go n",
          "go north",
          "n",
          "head north"
        ],
        "usage": "Type this direction string or \"go (direction)\" to head in a particular direction. If there is nothing in that direction, this command will not work."
      },
      {
        "id": "SOUTH",
        "textTriggers": [
          "south",
          "go south",
          "go s",
          "s",
          "head south"
        ],
        "usage": "Type this direction string or \"go (direction)\" to head in a particular direction. If there is nothing in that direction, this command will not work."
      },
      {
        "id": "WEST",
        "textTriggers": [
          "west",
          "go west",
          "go w",
          "w",
          "head west"
        ],
        "usage": "Type this direction string or \"go (direction)\" to head in a particular direction. If there is nothing in that direction, this command will not work."
      },
      {
        "id": "EAST",
        "textTriggers": [
          "east",
          "go east",
          "go e",
          "e",
          "head east"
        ],
        "usage": "Type this direction string or \"go (direction)\" to head in a particular direction. If there is nothing in that direction, this command will not work."
      },
      {
        "id": "RECALL",
        "textTriggers": [
          "recall story",
          "replay",
          "remember",
          "recap",
          "story",
          "recall"
        ],
        "usage": "Type this command to see the story narrative that appeared when you first entered the current location."
      },
      {
        "id": "HELP",
        "textTriggers": [
          "help",
          "help me",
          "I need help",
          "commands",
          "?",
          "explain",
          "help me understand"
        ],
        "usage": "Type this command to get help about available commands."
      }
    ]
  },

  "locations": {
    "locationArray": [
      {
        "id": "CAVE_SPAWN_POINT",
        "name": "Cave Starting Point",
        "narrative_first_visit": "(text-colour:0xFFF00F)[You dream...]\nYou are asleep, but you can see and hear everything.\nThe world is your enemy, everyone out to kill you.\nNothing is as it seems, the very nature of the universe evil and hostile.\nYou feel this in your bones.\n(text-colour:0xFF0000)[But I not everything I see is real.]\n(text-colour:0xFFF00F)[You open your eyes.]\nThe vestiges of your nightmare fade away.\nYou find yourself in a cave.\nYou feel (text-colour:0x000080)[salty wind] blowing in from the entrance to the east.\nYou wonder how you got here.\n(text-colour:0xFF0000)[(Type \"help\" if you're not sure what to do.)]",
        "location-specific-commands": [

        ],
        "directions": [
          {
            "id": "EAST",
            "destinationID": "OUTSIDE_CAVE_BEACH"
          },
          {
            "id": "WEST",
            "destinationID": "CAVE_CHAMBER_1"
          }
        ],
        "npcs": [

        ],
        "monsterEncounter": [
          {
            "chance": 0.3,
            "type": "random",
            "setGlobalFlag": {
              "flagID": "KILLED_AT_LEAST_ONE_MONSTER",
              "valueToSet": true
            }
          }
        ]
      },
      {
        "id": "OUTSIDE_CAVE_BEACH",
        "name": "Outside Cave",
        "narrative_first_visit": "You walk to the entrance of the cave.\nYou feel stiff all over, perhaps from sleeping on the cold, sandy floor.\nThe cave entrance is rather small, taking you some effort to squeeze through.\nYou on now on a beach of white sand.\nYou notice a mustached man standing there, gazing at the ocean wistfully.\nYou feel like you know him from somewhere. This beach is closed off on all sides by a sheer cliff.\nThere's nowhere to go but into the cave.",
        "location-specific-commands": [

        ],
        "directions": [
          {
            "id": "WEST",
            "destinationID": "CAVE_SPAWN_POINT"
          }
        ],
        "npcs": [
          {
            "id": "MOUSTACHE_MAN"
          }
        ]
      },
      {
        "id": "CAVE_CHAMBER_1",
        "name": "First Cave Chamber",
        "narrative_first_visit": "You walk deeper into the cavern.\nOddly enough, the cave seems devoid of the usual life, like bats and insects.\nYou arrive at a slight widening of the cave, where the ceiling rises in a gentle curve and creates a sort of odd chamber.\nThe light from the entrance makes it easy to see your surroundings.\nThere is a damp smell in the air.\nYou can see that the cave continues to the west, via smaller tunnel that leads onto darkness.\nThere is a door on the northern wall.\n(text-colour:0x00B3FF)[Strange to think there would be a door in a place like this.]",
        "location-specific-commands": [
          {
            "id": "LOOK",
            "result_message": "You see some broken glass on the floor.\nYou didn't notice this earlier.\nYou wonder why there is glass in a place like this.\nThe floor around it is damp.\nAnd why is it broken?\nWhat sort of object was it?\nPerhaps you'll never know.",
            "setGlobalFlag": {
              "flagID": "SAW_BROKEN_GLASS_MSG",
              "valueToSet": true
            }
          }
        ],
        "directions": [
          {
            "id": "WEST",
            "destinationID": "BOSS_CHAMBER"
          },
          {
            "id": "NORTH",
            "destinationID": "SECRET_CHAMBER"
          },
          {
            "id": "EAST",
            "destinationID": "CAVE_SPAWN_POINT"
          }
        ],
        "npcs": [
        ],
        "monsterEncounter": [
          {
            "chance": 0.3,
            "type": "random",
            "setGlobalFlag": {
              "flagID": "KILLED_AT_LEAST_ONE_MONSTER",
              "valueToSet": true
            }
          }
        ]
      },
      {
        "id": "SECRET_CHAMBER",
        "name": "Locked Chamber",
        "narrative_first_visit": "The door seems oddly well-oiled.\nYou think you catch a whiff of macaroni and cheese inside, but it soon vanishes without a trace.\nThere is nothing here, other than a slab of rock with a message.\n\"Every action has its price. REMEMBER: THERE ARE NO MONSTERS.\"\nYou frown, puzzled by the cryptic words.",
        "accessRestriction" : {          
          "noAccessMessage": "This door appears to be locked.\nThere is a keyhole in it.\nMaybe you can find a key somewhere.",
          "itemRequiredToAccess": "COPPER_KEY"
        },
        "location-specific-commands": [
          {
            "id": "LOOK",
            "result_message": "You need some time to think."
          },
          {
            "id": "THINK",
            "result_message": "Something bothers you in the back of your mind.\nThere's something here you're missing.\nWho could \"he\" be?\nWho wrote this message, and for whom?\nWhatever the message means, you know it has to be significant.\nSomething clicks into place in the recesses of your brain, but you don't know what it is yet.",
            "setGlobalFlag": {
              "flagID": "THOUGHT_ABOUT_SLAB_WRITING",
              "valueToSet": true
            }
          }
        ],
        "directions": [
          {
            "id": "SOUTH",
            "destinationID": "CAVE_CHAMBER_1"
          }
        ],
        "npcs": [
        ],
        "monsterEncounter": [
          {
            "chance": 0.1,
            "type": "random",
            "setGlobalFlag": {
              "flagID": "KILLED_AT_LEAST_ONE_MONSTER",
              "valueToSet": true
            }
          }
        ]
      },
      {
        "id": "BOSS_CHAMBER",
        "name": "Momentous Chamber",
        "narrative_first_visit": "You see an odd flaming rectangle etched into the wall. It moves with vivid colors.\nBefore you can figure out what it is, however, a ghostly figure dashes at you from a dark corner.\nThere's something decidedly ghastly about it.\nFor some reason, this battle seems inevitable.\nIt grabs you by the head, but you struggle against it.",
        "narrative_conditional": [
          {
            "conditionFlags": [
              { "USED_KEY": true }
            ],
            "displayNarrative": "You have no idea who, or what, this stranger is. Maybe you missed something in the previous rooms.\nYou wonder if it would have been better to be thorough with your exploration before you came to this place.\nPerhaps you would have found something useful."            
          },
          {
            "conditionFlags": [
              { "READ_CLUE_NOTE": true }
            ],
            "displayNarrative": "You know you've forgotten to do something this morning.\nYou can't put your finger on just what that is, though. Maybe this stranger can help you."            
          },
          {
            "conditionFlags": [
              { "SAW_BROKEN_GLASS_MSG": true }
            ],
            "displayNarrative": "A cup.\nYou remember now.\nYou dropped a cup.\nThat was where the broken glass came from.\nBut there was no cup to begin with, was there?\nOut here, on some godforsaken beach with a cave, a cup was the last thing you'd expect to see.\nSo why do you remember a cup?\nAnd what were you trying to do with it?"            
          },
          {
            "conditionFlags": [
              { "THOUGHT_ABOUT_SLAB_WRITING": true }
            ],
            "displayNarrative": "You remember what you read on the slab. NOT EVERYTHING IS A MONSTER. Perhaps this creature is not trying to attack you."
          }
        ],
        "force_branching_choices": [
          {
            "id": "KILL_BOSS",
            "choice_text": "Attack the monster.",
            "conditionFlags": [
            ],
            "action_text": "You swing your fist, hitting it.\nIt keeps trying to grab your face.\nYou try to push it back, but there are miniscule hooks growing from its skin.\nYou know your skin will tear if you force it away.\nIt keeps trying to grab your face.\nYou swing your fist, bashing in its nose.\nIt grabs your mouth.\nIt forces something down your throat.\nYou grab its face and slam it into the ground multiple times.\nWith an oddly human screech, it goes limp.\nThere is blood all over the floor.\nYour vision becomes unsteady.\nYou smell odd smells, and suddenly you feel like you are falling, falling, falling...\nYou see nothing.",
            "force_move_to_location": "ENDING_CHAMBER",
            "save_variable_key" : "ENDING_TYPE",
            "save_variable_value": "KILL_BOSS"
          },
          {
            "id": "NONAGGRESSIVE_DEATH",
            "choice_text": "Choose not to attack.",
            "conditionFlags": [
              { "KILLED_AT_LEAST_ONE_MONSTER": true }
            ],
            "action_text": "You back away, refusing to attack back.\nThe ghastly being seems to hesitate.\nIt looks you over, and whatever it sees makes the creature very angry.\n(text-colour:0xFF0000)[It shouts, \"Yhw did uoy evah ot od taht? Ew detsurt uoy! Uoy dias uoy'd nekat eht llip! Won ereht's on gniog kcab!\"]\nYou don't understand.\nThe monster lunges at you, tearing your eyeballs out.\nYou feel searing pain in your side as something sharp bites into your skin.\nYour vision turns blood-red, then black.",
            "force_move_to_location": "ENDING_CHAMBER",
            "save_variable_key" : "ENDING_TYPE",
            "save_variable_value": "NONAGGRESSIVE_DEATH"
          },
          {
            "id": "NONAGGRESSIVE_WIN",
            "choice_text": "Like you've done so far, you refuse to kill.",
            "conditionFlags": [
              { "KILLED_AT_LEAST_ONE_MONSTER": false }
            ],
            "action_text": "You back away, refusing to attack back.\nThe ghastly being seems to hesitate.\nIt looks you over, a sad look on its face.\n\"Siht nsi't uoy. Tub ti's ton oot etal. Ekat a llip won, dna uoy'll eb devas morf flesruoy. Ekat ti. Ekat ti rof em.\"\nSlowly, it approaches you.\nYou hesitate, and in a flash, the creature forces something bitter down your throat.\nYou try to vomit, but you realize you've already swallowed it.\nYou turn to the creature angrily, but the sadness in its eyes takes the wind out of your sails.\nAs you wonder what is happening, your world fades to black.",
            "force_move_to_location": "ENDING_CHAMBER",
            "save_variable_key" : "ENDING_TYPE",
            "save_variable_value": "NONAGGRESSIVE_WIN"
          }
        ],
        "location-specific-commands": [
        ],
        "directions": [
        ],
        "npcs": [
        ],
        "monsterEncounter": [
        ]
      },
      {
        "id": "ENDING_CHAMBER",
        "name": "Mansion - Living Room",
        "narrative_first_visit": "",
        "force_narrative_variable_based": [
          {
            "variableID": "ENDING_TYPE",
            "variableValue": "KILL_BOSS",
            "action_text": "You open your eyes.\nThere is a bitter aftertaste on your tongue.\nYou are lying on a cold wooden floor.\nYou see your living room around you, and a dinner table to your right.\nYou recognize this place.\nIt's your new home, which you moved into only days ago.\nFeeling a strange wetness on your clothing, you look down and notice that there are blood splatters on your shirt.\nThere are signs of a meal on the table, except the food has gotten cold and the table is set for four.\nYou see a body lying at your feet, limbs splayed out and face contorted in pain.\n(text-colour:0xFF0000)[It is your brother].\nHe has a pack of pills in his hand.\nYou realize that there are more bodies, those of the only friends you ever had.\nYou raise your hand and see that your nails are caked with blood.\n(text-colour:0xFF0000)[What have you done?]",
            "force_ending_display_stats": true
          },
          {
            "variableID": "ENDING_TYPE",
            "variableValue": "NONAGGRESSIVE_DEATH",
            "action_text": "You have died.\nYou have no idea what killed you, what you were doing, or where you were.",
            "force_ending_display_stats": true
          },
          {
            "variableID": "ENDING_TYPE",
            "variableValue": "NONAGGRESSIVE_WIN",
            "action_text": "Your mind suddenly clears.\nThe monstrous creature in front of you suddenly transforms into a familiar face--that of your brother.\nYour surroundings are recognizable now--including a plasma TV on one side of the wall.\nThere are people standing in the doorway, watching you apprehensively.\nThey seem to have followed you from room to room throughout the house.\nYour clothes are a mess, and you realize that you've forgotten to take your pills.\nAs your mental condition stabilizes, you understand that your brother forced the pills into your mouth earlier.\nThe others hesitantly break out into smiles as they realize that you're back.\nYou are grateful that you have killed no one; disaster has been averted to another day, and your inner demons staved off for the time being.\nYou resolve to keep your wits about you.\nYou don't want to ruin everything that you've accomplished so far.",
            "force_ending_display_stats": true
          }
        ],
        "location-specific-commands": [
        ],
        "directions": [
        ],
        "npcs": [
        ],
        "monsterEncounter": [
        ]
      }
    ]
  }
}